{"cameraMode":{"drawMode":0,"name":"Shaded","section":"Shading Mode"},"sceneLighting":true,"audioPlay":false,"sceneViewState":{"showFog":true,"showMaterialUpdate":false,"showSkybox":true,"showFlares":true,"showImageEffects":true,"showParticleSystems":true},"in2DMode":false,"pivot":{"x":-1.344273328781128,"y":-0.6314697265625,"z":2.1976165771484377},"rotation":{"x":-0.009587503038346768,"y":0.9816337823867798,"z":-0.18351002037525178,"w":-0.05128788575530052},"size":12.116992950439454,"orthographic":false}