{"cameraMode":{"drawMode":0,"name":"Shaded","section":"Shading Mode"},"sceneLighting":true,"audioPlay":false,"sceneViewState":{"showFog":true,"showMaterialUpdate":false,"showSkybox":true,"showFlares":true,"showImageEffects":true,"showParticleSystems":true},"in2DMode":false,"pivot":{"x":-20.362178802490236,"y":-7.8049468994140629,"z":-5.9948272705078129},"rotation":{"x":0.002791334642097354,"y":0.9538645148277283,"z":-0.30009910464286806,"w":0.008871980011463166},"size":1338.421875,"orthographic":false}